drug_name,test_sample_count,test_mae,test_rmse,test_mse,test_pearson,test_spearman,test_r2,test_original_mae,test_original_rmse
(5Z)-7-Oxozeaenol,28,0.020708232053688595,0.027131565213632542,0.0007361218309415955,0.7653595517364984,0.7235905856595511,0.45376591611729844,0.8333138059237932,1.0930985619783975
5-Fluorouracil,26,0.02397534824334658,0.029371413115259468,0.0008626799083872359,0.798967427885959,0.7811965811965812,0.5110215993242249,0.9937787980826018,1.218717449276297
681640,22,0.01930122348395261,0.022994143130482855,0.0005287306183051319,0.5162934013487173,0.5200451722190853,0.23848211107369877,0.781287004681667,0.9297752750120554
A-443654,11,0.032927751541137695,0.04068197510308133,0.0016550230982877293,0.4303193670104508,0.5,-0.07343859030859168,1.3223046131261844,1.6345475822516233
A-770041,12,0.03620163599650065,0.05157685277611546,0.0026601717422890894,0.36719724213101523,0.4685314685314686,0.10578737649417125,1.465656167177613,2.0817345849428333
AICA Ribonucleotide,19,0.05802955752924869,0.06059218787928831,0.003671413231998973,0.5492665028329407,0.4473684210526316,-8.942711936201764,2.6232500688548828,2.749095958486055
AKT inhibitor VIII,46,0.020190719677054363,0.025450108725674256,0.0006477080341486409,0.5778551297190352,0.45794516587318956,0.3028057038590236,0.8199781318055146,1.0339517690014677
AR-42,19,0.011699896109731574,0.015228507565892453,0.00023190744268444368,0.8408023819517871,0.7842105263157895,0.5985796257447087,0.46946633697360163,0.6110012863300266
AS601245,23,0.014124162819074549,0.017648364135253614,0.000311464756650506,0.7264393169800305,0.7470355731225298,0.5244419459130769,0.5750286748050752,0.7193517955380272
AS605240,21,0.021755664121536983,0.029069632185676497,0.0008450435154105188,0.41823272485868296,0.39350649350649347,-0.44524375222357904,0.9005933763568388,1.2038262689267991
AT-7519,28,0.02566779511315482,0.03286785373486563,0.0010802958091365206,0.7212103830906086,0.6015325670498085,0.48701388150698266,1.0373859073538743,1.3261613464442241
AZ628,12,0.022078650693098705,0.02688308561924491,0.0007227002924116525,0.8675808953049627,0.8181818181818183,0.7241331674466494,0.8902121901144923,1.0816774194592211
AZD6482,51,0.02071669756197462,0.024640755362791887,0.0006071668248489571,0.6246608020751506,0.5946422921152112,0.3517499739260844,0.8451790239557544,1.0056187235183243
AZD7762,20,0.027167840301990508,0.03326332929715184,0.00110644907593076,0.39943412428308145,0.3639097744360902,0.0894518954794068,1.0920024014261664,1.3392158143330228
AZD8055,22,0.023309314792806454,0.0272355944532172,0.0007417776052201154,0.14779615365880075,0.08187464709203841,-0.18273995916762886,0.9340457875858159,1.0918931110475274
Afatinib,55,0.04471625198017467,0.05632624062592347,0.0031726453830494316,0.03494505426134809,0.007648045600912303,-0.021947791560268826,1.8157683254654151,2.2836039067987235
Alectinib,26,0.01379812451509329,0.016016362453025613,0.0002565238662266886,0.8946426239464172,0.8372649572649572,0.31363933595626714,0.5729592734208929,0.6662713477460861
Amuvatinib,30,0.0337707002957662,0.042806030520862196,0.0018323562489529859,0.447078619091358,0.3081201334816463,0.1542880606799889,1.3919616085181998,1.7580984926475987
Avagacestat,48,0.018028891334931057,0.021715832171917877,0.00047157736691890345,0.5420613236845734,0.5197850520603029,-0.09263173359253019,0.7520437666637788,0.9087017749562922
Axitinib,26,0.02252518213712252,0.02726228824163049,0.0007432323601697441,0.5259748791392452,0.507008547008547,0.26755606404470733,0.9138813481251334,1.1048505527995645
BAY-61-3606,29,0.023993048174627895,0.030252052015038278,0.0009151866511205816,0.6355456118286241,0.6758620689655171,0.32486428455014793,0.9800626449503073,1.2379459983603869
BI-2536,17,0.02128731327898362,0.0250735209964818,0.0006286814551610137,0.39457852656460485,0.47794117647058826,-0.18679232188964834,0.8625073165057182,1.0155095876473232
BIX02189,28,0.024056177054132735,0.027741247879632048,0.0007695768339191897,0.7454227147390412,0.5577449370552819,0.33791880383698303,1.001771534156447,1.151546799326492
BMS-345541,21,0.014938238121214368,0.0204830001025392,0.0004195532932006209,0.6790687951586059,0.7493506493506493,0.4412531216222123,0.6099908324122902,0.8355442591382264
BMS-509744,7,0.02023402282169887,0.025490340917220362,0.0006497574800761186,0.9425890301412613,0.9642857142857145,0.6310936861748029,0.8336525474345416,1.0529528115543823
BMS-536924,38,0.020210103769051403,0.026315233775533634,0.0006924915286609861,0.5257162799414395,0.46449283291388554,0.2755994698934655,0.8181328439212503,1.0640391480425935
BMS-754807,28,0.02768147736787796,0.034086396256366,0.001161882409746002,0.5714998814787393,0.5632183908045977,0.25732903613230407,1.114023673421517,1.3718817734605409
BX-912,27,0.025805212833263255,0.03347197475973837,0.0011203730943165624,0.7162784575397491,0.6819291819291821,0.47296883510999055,1.0534497210448228,1.368449679192923
Belinostat,26,0.020620498519677382,0.0298226563837989,0.0008893908337861411,0.5865866304992016,0.4878632478632478,0.07328339769352787,0.8274576123866895,1.196728095729361
Bexarotene,29,0.021034925148404878,0.025499228771103465,0.0006502106679210707,0.43586029347633987,0.4334975369458127,0.12469677782586075,0.8680420115238812,1.0523736015855139
Bicalutamide,58,0.02365438280434444,0.02667404994563482,0.0007115049405022209,0.13612631643992462,0.17291128345821086,-0.013097844935179515,0.9766186288365865,1.103582424696517
Bortezomib,8,0.026957917958498,0.029820222873567812,0.0008892456922292569,0.6297259708471644,0.7142857142857144,0.07969105878146354,1.152083353789814,1.2795859135240897
Bosutinib,20,0.027416898310184477,0.03911243084292315,0.001529782246442446,0.3420784823704748,0.3233082706766917,-0.030604591541342208,1.1067260443451388,1.5764840305370815
Bryostatin 1,19,0.01833869595276682,0.023012660475359083,0.0005295825421541542,0.4170911014202514,0.343859649122807,-0.15666311649914477,0.7511602051871925,0.9466163705345604
CAY10603,21,0.022472170137223742,0.02848579501689905,0.0008114405177447907,0.7950555888703744,0.8311688311688311,0.6094428858954763,0.9119562292604154,1.1628175505637293
CCT-018159,32,0.01734207570552826,0.021720850836292365,0.0004717953610524628,0.6279466396593862,0.6220674486803518,0.296463928067515,0.716598386173364,0.9012862100574496
CCT007093,33,0.02070790709871234,0.02319745562581942,0.0005381219475118611,0.21633933731289315,0.33589572192513373,-0.5444832893643801,0.8605108546399599,0.9646372580134389
CGP-60474,9,0.023182464970482722,0.029369140145902722,0.000862546392909675,0.7989115220437149,0.9166666666666666,0.4495317574564015,0.9379537352336725,1.1822933105425926
CHIR-99021,51,0.02316209966061162,0.02958160385990747,0.0008750712869244925,0.42341522462874825,0.39556561085972847,0.0104952825203114,0.9601839143783769,1.2314401453863804
CI-1040,24,0.020254926135142643,0.02522563950197594,0.0006363328882836491,0.8523528367607053,0.8347826086956521,0.6497084271426822,0.8252070607357406,1.0287751260334126
CMK,11,0.029105078090320934,0.031743127942515284,0.0010076261715748944,-0.5425025657072009,-0.5727272727272729,-1.6331956992245802,1.179501272351262,1.286342775384035
CP466722,33,0.016086269508708607,0.021040523981004408,0.00044270364939522164,0.49720507989124846,0.5137032085561497,0.21404743066170517,0.6594449199707553,0.8664762218732132
CP724714,20,0.01838051974773407,0.02147753280701005,0.000461284415476193,0.23932665752267399,0.004511278195488721,-1.297557837162922,0.7673232858248753,0.8983235226534353
CUDC-101,32,0.026281815953552723,0.03658469132198262,0.00133843963912475,0.636854394288823,0.6649560117302052,0.4007635417069575,1.0589368809344146,1.476070907265203
CX-5461,27,0.0272391504711575,0.0321062884394356,0.001030813757356236,0.6652303458421348,0.7466422466422465,0.3890262182479707,1.1180237296733053,1.3159270380112715
Cabozantinib,35,0.018193207468305314,0.022082653665117,0.00048764359289350524,0.6579171675165733,0.7044817927170869,0.4205522804533677,0.743489834122938,0.899019814135021
Camptothecin,26,0.028672339824529793,0.03552836444985467,0.0012622646804816967,0.7587402066444998,0.76,0.4633401673780466,1.2084914645317508,1.508340409259711
Cisplatin,21,0.017235520340147473,0.022772193399622567,0.0005185727922298137,0.6367652890859383,0.5701298701298702,0.3327760547505595,0.7087631418085966,0.9374669810349505
Crizotinib,9,0.03261594308747186,0.0553744913510019,0.003066334292382184,0.007746771898144415,0.38333333333333336,-0.3436313117966354,1.3134171562363095,2.2302571937424402
Cyclopamine,10,0.024468833208084108,0.025398992471781612,0.000645108818581619,0.4868029895953166,0.6121212121212121,-0.905266429809038,1.0282312898000896,1.069488508831047
Cytarabine,23,0.027511236460312553,0.03528683361986065,0.0012451606269157282,0.5500409107896338,0.4545454545454546,0.139578524208247,1.1045908109986977,1.4165687793619977
DMOG,26,0.032769851959668674,0.03892039340392781,0.0015147970227165075,0.6362733795368817,0.6088888888888888,-0.6140440245223784,1.4236341922336564,1.7040344267321725
Dabrafenib,21,0.02342307141848973,0.03101852443345317,0.0009621488580287314,0.8787544629049695,0.5818181818181818,0.709585029100184,0.9638154872275447,1.2738875746107474
Dacinostat,17,0.013112169854781208,0.01625500122815876,0.0002642250649274428,0.7921583242046094,0.7107843137254903,0.5698503485021764,0.5386798617973376,0.6691260484375062
Dactolisib,19,0.022975974961331014,0.031235808400148658,0.0009756757264107975,0.46559049095364036,0.5087719298245614,0.161053442525531,0.933322754284822,1.2669837736332326
Daporinad,30,0.041761395335197446,0.04968165587353501,0.0024682669303363563,0.6472333020405836,0.56440489432703,0.40008011798206466,1.6987266115460857,2.022340732690083
Dasatinib,6,0.04904917379220327,0.06729399738977626,0.004528482084695214,0.4932144922620304,0.6571428571428573,0.18491412614905822,2.0037804657787723,2.762252903930616
Docetaxel,20,0.022091151773929597,0.025904031908332726,0.00067101886910792,0.8314664376445243,0.8225563909774435,0.41430589946442287,0.9374130310148165,1.1023237762649158
Doramapimod,24,0.016374434034029644,0.019740208697370386,0.00038967583941573736,0.1883449542671209,0.13826086956521738,-0.1952064606313979,0.6806100117342497,0.8214791479775128
Doxorubicin,32,0.023616332560777664,0.028954142235873725,0.0008383423526152067,0.7082264224887979,0.7712609970674487,0.48128074783991925,0.9541634800082609,1.1689141658304238
EHT-1864,26,0.018620756956247184,0.021982229140981833,0.00048321839800663085,0.38089701714525004,0.35794871794871796,-0.38919418590416943,0.7742000129602956,0.9158130373677233
Elesclomol,29,0.032974535021288644,0.039063751665182125,0.0015259766941590194,0.5430096401521242,0.32463054187192114,0.2553898714279802,1.3496767358589692,1.596565748894731
Embelin,22,0.015592439608140425,0.021322320066074315,0.0004546413330001154,0.6136002113061149,0.4692264257481649,0.30044826279378745,0.6415755630013283,0.88417279922034
Entinostat,14,0.01820612166609083,0.023504067222465123,0.0005524411759981593,0.5462715994176822,0.5912087912087912,0.274656143257898,0.7305789410982543,0.943568079235307
Enzastaurin,25,0.035147509574890136,0.03967372962839359,0.0015740048226268754,0.5393144595310112,0.6316599462874044,0.27061556137438547,1.443754530006555,1.6272474314307135
Epothilone B,28,0.021339950816971914,0.028582833094132672,0.0008169783476870458,0.7733874725720247,0.8456486042692939,0.4722136269443339,0.8915556808425348,1.1834250991807391
Erlotinib,11,0.022352118383754383,0.028888374983072906,0.0008345382091626325,0.399704676505849,0.30000000000000004,0.15162179817193022,0.9109891967312707,1.1739311176223037
Etoposide,24,0.02739254633585612,0.03356343477944276,0.001126504154193908,0.7441168069028473,0.748695652173913,0.5449926530487545,1.1141815432146913,1.3643251222599737
FH535,38,0.01597361423467335,0.023865891761160694,0.0005695807895554379,0.6119940735915657,0.6340956340956341,0.35994767171741815,0.6515201708059845,0.9910931755359091
FMK,27,0.026325358284844294,0.02849990738458549,0.0008122447209299506,0.7267126262230917,0.6623931623931624,-1.2057069926909252,1.1168384360702655,1.2133032546414066
FR-180204,25,0.022538278102874756,0.025721185105604453,0.0006615793632367684,0.8003114878387336,0.6984615384615384,-0.08807598306203457,0.9545331755000191,1.0932976582228369
FTI-277,25,0.01311619758605957,0.018161541305833005,0.0003298415826034784,0.3595461262022488,0.4684615384615385,-0.1472174078555788,0.5301781549306442,0.7331497599532282
Fedratinib,25,0.015664294958114625,0.01907955287819338,0.0003640293380317772,0.8515402209104767,0.7246153846153846,0.6829599480828581,0.6386637143172106,0.7780590654305107
GNF-2,10,0.013437366485595703,0.014935764870666949,0.00022307707227184893,0.5392282256178086,0.5393939393939393,-0.037306662356193065,0.5455032106040114,0.6061253510068993
GSK1070916,21,0.014333635568618774,0.01957506449429924,0.00038318314995597477,0.7947561751223331,0.8155844155844156,0.42716617874894414,0.5809444249162911,0.7906657335890768
GSK1904529A,38,0.011194502052507903,0.01584032839392122,0.0002509160036272668,0.67708848585298,0.7268250146760309,0.40489936837515805,0.4524766910741148,0.6382563496159592
GSK269962A,50,0.02507544159889221,0.03355953738945817,0.0011262425497944406,0.30083458908399163,0.2904681872749099,0.0336789802652836,1.0142571698879268,1.3561683063602588
GSK319347A,7,0.015716390950339183,0.01784786111618429,0.0003185461464226031,0.5104087740322942,-0.07142857142857144,-0.8890198122549178,0.6516605838629616,0.7406791144153646
GSK429286A,29,0.024873287513338286,0.028535220942252644,0.0008142588342231739,0.8018563841512285,0.8458128078817733,-0.07908348029696222,1.0561415247083494,1.217979395055194
GSK650394,18,0.024378043082025316,0.029991690722859853,0.0008995015124156778,0.877980384166408,0.8844169246646028,0.5993606779053282,1.0178095250103512,1.2611128100737001
GSK690693,29,0.023167910247013486,0.02589365793754209,0.0006704815213864365,0.6786786941669616,0.6802955665024629,0.2357627884204444,0.9635887142955507,1.0770693634033097
GW-2580,27,0.027547937852365,0.03011862902760116,0.0009071318145022592,0.3928195952053141,0.29242979242979245,-3.9536084201704824,1.1684710006421661,1.2790847023352192
GW441756,25,0.016675342321395874,0.021598696455477972,0.00046650368857587666,0.6072896500717159,0.63,0.32876205771602784,0.6794468747304774,0.8787502984718881
GW843682X,17,0.032301548649283016,0.03850758979565691,0.00148283447187058,0.6420175149373472,0.7181372549019608,0.37497227049774773,1.3163786580698094,1.565719926608619
Gefitinib,13,0.022466210218576286,0.024971290936816704,0.000623565371051144,0.18195817236413572,0.0,-0.42050853823065193,0.9013178468940393,1.0015093225604677
Gemcitabine,32,0.022240654565393925,0.02885312072471691,0.0008325025755550886,0.9018944922306579,0.875,0.7667277668598851,0.9183478139600363,1.1931562520114083
HG-5-113-01,13,0.01311558485031128,0.015300188341468072,0.0002340957632843955,0.666726875515436,0.6208791208791209,0.41579659750284015,0.5300934403727378,0.6181366576991595
HG-5-88-01,13,0.024049043655395508,0.02725346886528783,0.0007427515651912131,-0.08261437616128327,-0.005494505494505494,-0.6708265377020648,0.9940270026368988,1.1270359182460927
HG6-64-1,24,0.030664185682932537,0.03540853062608099,0.0012537640410981155,0.644714784276299,0.6869565217391305,0.3086837025610174,1.2360081461583716,1.427034294633904
I-BET-762,35,0.023961269004004342,0.029341502673649062,0.000860923779147755,0.8184567385459744,0.7075630252100841,0.4804352127892768,1.001393314157988,1.2289858956677138
IOX2,31,0.013990287819216329,0.016445903173777813,0.0002704677312012752,0.5980215441417588,0.7068548387096775,-0.21467030823312028,0.5604067564042071,0.6589209982011408
IPA-3,21,0.02106565237045288,0.027753102196071414,0.000770234681505584,0.7609120367140881,0.7792207792207791,0.4047117204593127,0.877072837574792,1.1593049682730865
Idelalisib,18,0.018674721320470173,0.024193990179295355,0.0005853491607958401,0.22846178333923922,0.3312693498452013,-1.042925738574569,0.7847991742639598,1.0187441503458343
Imatinib,6,0.01508098840713501,0.01767140630891352,0.00031227860093470855,0.6528789705770991,0.6,0.1811774449887712,0.6151938042520025,0.720920948139073
Ispinesib Mesylate,24,0.017860131959120434,0.021326182924635385,0.0004548060781350098,0.8897462937070586,0.88,0.7325851514552264,0.7232259463063716,0.862865891982785
JNK Inhibitor VIII,34,0.02169050889856675,0.02569883583235333,0.0006604301631382474,0.7227284473752135,0.6183346065699006,-0.6705162908488351,0.9149552681790608,1.088766340063388
JNK-9L,20,0.019420364499092103,0.024579026832320272,0.0006041285600239199,0.5641703649899146,0.7458646616541353,0.30462005052339813,0.7793912351961227,0.9871051877363486
JQ1,62,0.028173429831381765,0.0341318858471277,0.0011649856314813565,0.5462089338651785,0.5044321331239348,0.2892706485994879,1.1334232039451166,1.3727802104240574
JW-7-24-1,39,0.023099473653695524,0.027198928702065632,0.0007397817225400497,0.6621881401600848,0.6831983805668016,0.2316591817732142,0.9324462683844353,1.0991168354090675
KIN001-244,31,0.015228315707175963,0.02011813105120122,0.0004047391969933068,0.8379823486527943,0.8172194819230417,0.6353792777914735,0.6279699212413569,0.8269569011919803
KIN001-260,28,0.023786048804010664,0.026380336785957224,0.0006959221689405279,0.841982065952327,0.8292282430213463,0.309371455470997,0.9978352918874612,1.1092835978252233
KIN001-266,26,0.019044151672950156,0.024301276748194572,0.0005905520515923421,0.6791767684368331,0.7333333333333333,0.3487740481485372,0.78923577380588,1.010704853178601
KIN001-270,24,0.01913756380478541,0.022723012228351082,0.0005163352847297927,0.9262616536184003,0.9121739130434783,0.06038381105468105,0.8147805608475903,0.9726790463012408
KU-55933,22,0.01557927510955117,0.019631544598950668,0.00038539754334058915,0.4924151061380338,0.5064935064935067,-0.3740470486296885,0.6485744921607108,0.820341411185755
LFM-A13,22,0.023479244925759056,0.025052215998055398,0.0006276135264132228,0.5138371241046924,0.5697346132128742,-0.5577328385069558,0.9854561078202383,1.0536824530220552
Lapatinib,12,0.01525762677192688,0.018817294001988828,0.0003540905535572847,0.5351370767559704,0.6853146853146854,0.17043995599607875,0.6198032768118206,0.7633848613909363
Lenalidomide,24,0.015223254760106405,0.01773047155530337,0.0003143696215734219,0.7233418112920914,0.7382608695652173,-0.22537013557391883,0.6340957559447443,0.738907004773999
Linifanib,25,0.01827757716178894,0.028578536653561182,0.00081673275725894,0.6685570577710225,0.5930769230769232,0.3522164217184933,0.7397028032480989,1.1560846070218638
Linsitinib,25,0.02730719804763794,0.035866987522931576,0.0012864407939701295,0.42217832785721904,0.6315384615384615,0.14929253785522878,1.1039849702919822,1.4456100426248564
Luminespib,28,0.020517034190041677,0.029821070650976597,0.0008892962547705377,0.7262479930961703,0.7493158182813355,0.479182759343342,0.8384729681104304,1.2115596992129156
MG-132,9,0.026069021887249418,0.0327431772233069,0.0010721156546768837,0.573758489903583,0.48333333333333334,0.1627103416047374,1.045861619145912,1.3132452410923683
MK-2206,24,0.025882954398790996,0.031021734777158697,0.0009623480285843774,0.5293439425584758,0.4730434782608695,0.26435369891828486,1.0503394722211368,1.261528946925741
MPS-1-IN-1,24,0.021248164276281994,0.024948276453251247,0.0006224164979878507,0.6550131681115029,0.6330434782608695,0.34595150275932574,0.8827933716802331,1.0398614642772273
Masitinib,27,0.02125161775836238,0.027744761010978117,0.0007697717635562916,0.8421780472993934,0.7924297924297924,0.3708035254507438,0.8879010551257872,1.1584021580622708
Methotrexate,23,0.027603026317513508,0.03074453442554106,0.0009452263970432794,0.6010774349753332,0.4505928853754941,0.3299251894541092,1.1090593607767332,1.2351204512771765
Midostaurin,29,0.016454857998880846,0.02025037338103097,0.00041007762207116765,0.6873487575599042,0.7201970443349752,0.449059904876251,0.6602804399878085,0.8132101800188111
Mitomycin-C,26,0.022280030525647677,0.028007505197023403,0.0007844203473612929,0.6276528866747536,0.6020512820512819,0.2445367271819089,0.8937942542677108,1.123015016010473
Motesanib,23,0.013767079166744066,0.016897408024011337,0.0002855223979299227,0.5895910551838656,0.5079051383399209,0.06687531128700686,0.5629351941927734,0.6910319859718631
NG-25,31,0.029692676759535266,0.04454240489298688,0.0019840258336507816,0.8310499228407571,0.8037100555009238,0.4715338189125523,1.212321456675587,1.8138398496479478
NPK76-II-72-1,29,0.02032884955406189,0.02664683413016464,0.0007100537691605071,0.7316042231074592,0.7290640394088669,0.4840595453670955,0.8353725455971887,1.0924108546547935
NSC-207895,27,0.03097948321589717,0.03565820414614151,0.0012715075229279035,0.5853858889850521,0.5677655677655677,0.07685457652803407,1.292308485678372,1.4885608677522635
NSC-87877,29,0.025400241901134622,0.02880098931713394,0.0008294969856456633,0.41117551044524064,0.42807881773399004,-1.2965964835992305,1.0765721050465316,1.2247806095384426
NU7441,27,0.016227556599511042,0.0201316035209062,0.000405281460322963,0.4771455927354576,0.5525030525030524,0.17761351767500455,0.6592418704352064,0.8161833385029023
NVP-BHG712,24,0.018518952031930287,0.02253532043064119,0.0005078406669116742,0.9025434600349126,0.8678260869565216,0.7712832182918549,0.7653902531875375,0.9309524645425588
NVP-TAE684,15,0.031085878610610962,0.03422221337139847,0.0011711598880375243,0.4673504590957374,0.4464285714285714,-0.32644901745037425,1.2473790865065462,1.3726135046601349
Navitoclax,18,0.03211117287476858,0.03923723244494486,0.001539560409938634,0.2969649130537785,0.21568627450980388,-0.565283370980586,1.293241264387712,1.5778635314407297
Nilotinib,24,0.015983063727617264,0.022504000493282248,0.0005064300382016477,0.5989204359146586,0.6960765057857802,0.2577499833442767,0.6495077993540872,0.908231476283092
OSI-027,25,0.029830621480941774,0.037487656084754246,0.0014053243587288122,0.7664356517191263,0.8538461538461539,0.541202451939728,1.2093294075611494,1.5242219758001978
OSI-930,27,0.02233730642883866,0.025499577808291932,0.0006502284684011344,0.6769229015966385,0.5457875457875457,-0.059230328624438444,0.9357819983121035,1.0710350982370145
OSU-03012,22,0.016808588396419178,0.022955504798402752,0.0005269552005494918,0.7468322775063613,0.7470355731225299,0.4881909936797566,0.6865439951712337,0.9431140973694403
Obatoclax Mesylate,20,0.023315243422985077,0.028943045225193635,0.0008376998669076041,0.6666304695021134,0.7172932330827068,0.44000540534066124,0.9418322520593023,1.173949843899552
Olaparib,51,0.02354813673916985,0.027256579011791914,0.0007429210994260555,0.5466754374841043,0.5584615384615383,0.17757356002428082,0.9722754811107617,1.1241941456630666
Omipalisib,38,0.026767237406027943,0.03416595628488558,0.0011673125688607122,0.7017981368894793,0.6634205055257687,0.4156432629508511,1.104976676009692,1.4165824058202512
PAC-1,30,0.018388949831326804,0.02292431928155945,0.0005255244145228785,0.6189451724562013,0.5584603438717923,0.34830219048068867,0.7474295970063671,0.929448836935474
PD0325901,30,0.02482586403687795,0.03177906380943164,0.0010099088966039282,0.605329920847054,0.6133481646273637,0.25724798599917265,1.0003562742985546,1.2814485298714493
PD173074,36,0.017891607350773282,0.024255196518856242,0.0005883145581683359,0.22427562649713395,0.23397683397683397,-0.029376872507897556,0.7268001197069641,0.9827092795026783
PF-4708671,34,0.01923261319889742,0.023261942431818276,0.0005411179657012276,0.4593149867190637,0.44385026737967914,-0.4142868390517902,0.8017918184762653,0.9739863056120375
PF-562271,21,0.013565477870759509,0.01617989375154655,0.00026178896181133516,0.8596746502042163,0.8168831168831169,0.7016760692777678,0.5523662299025522,0.6610511695091159
PFI-1,29,0.01541145711109556,0.021743979653418937,0.0004728006511682967,0.2555308730705365,0.10443349753694578,0.03448738252867445,0.6290733024313613,0.8922864484482551
PHA-665752,8,0.009127967059612274,0.012415250455151438,0.000154138443864138,0.7917638212464448,0.6428571428571429,0.5737249045123052,0.37199260431783154,0.5055386146345416
PHA-793887,21,0.02604571268672035,0.03313201975699493,0.0010977307331779024,0.7166898870570658,0.7753246753246753,0.5100917302422825,1.0596501864359285,1.3463600023089919
PI-103,30,0.03503029445807139,0.04217066755432902,0.0017783652019777384,0.7123802390542671,0.7268075639599554,0.48380191641275294,1.417536918911808,1.7045374545067524
PIK-93,21,0.01484152390843346,0.019251612084309068,0.000370624567844715,0.8639871692197465,0.8441558441558441,0.6982563927600862,0.6122310769701665,0.8004293474621883
PLX-4720,64,0.021325519774109125,0.02460287973117619,0.0006053016910667203,0.8668099954185077,0.6268759233065708,0.39113269347097224,0.8862904432249402,1.0241073028628125
Paclitaxel,14,0.030582198074885776,0.034644482788996504,0.0012002401877170752,0.5706024441190078,0.5516483516483517,0.297560062835194,1.250732528787847,1.418213796438292
Palbociclib,32,0.033003137446939945,0.03965021509375475,0.001572139556981017,0.286820349745673,0.39127248688685945,0.04836985934079452,1.3397163696485002,1.6064382313652765
Parthenolide,15,0.020070815086364747,0.023787088690520545,0.0005658255883706904,0.7298042468764544,0.6785714285714285,0.45475764271704566,0.8247183501173725,0.9797666361143933
Pazopanib,37,0.023274737435418205,0.03134728682787462,0.0009826523914690417,0.3545322752304439,0.3781412991939307,0.06355997567401617,0.948255645391692,1.272439001274978
Pelitinib,27,0.025428768661287095,0.03617728016568846,0.0013087956001867156,0.5834216267921477,0.5525030525030524,0.31021862443429715,1.0300038869144126,1.4660300140579743
Pevonedistat,26,0.03237534257081839,0.0390629289925758,0.0015259124214790194,0.3993924835762019,0.4523076923076923,0.07352755075846862,1.3025550508929238,1.5715588824756053
Phenformin,36,0.049600884318351746,0.05681345059810833,0.003227768168863696,0.6127901290935259,0.5845559845559846,-1.0779767426775693,2.2328152130971577,2.595407368155662
Pictilisib,56,0.025688630661794117,0.033830306583202394,0.0011444896435134672,0.1540058471319971,0.10977443609022558,-0.2266336570123999,1.0320131591089141,1.3591487171263603
Piperlongumine,29,0.011943132712923247,0.01653628232120246,0.000273448633006513,0.5727721945505968,0.6507389162561574,0.21140266595216162,0.4832881515894937,0.6703214405964967
Ponatinib,29,0.01776417062200349,0.02356373880732562,0.0005552497865798635,0.7876043630588412,0.7384236453201969,0.5299003493958127,0.7140719543440333,0.9463879303779937
Pyrimethamine,7,0.024096054690224782,0.028563781996209153,0.0008158896419269622,-0.02393852071438535,0.07142857142857144,-0.8337673951056557,0.9984951861942163,1.187386134490047
QL-X-138,24,0.018396060913801193,0.02114643686501902,0.0004471717920862354,0.9059412613156453,0.9086956521739129,0.7606017715091362,0.7511292402100321,0.8652162144438934
QL-XI-92,21,0.013261363619849795,0.015886541987385417,0.0002523822163169598,0.8833691091199284,0.8999999999999999,0.6292918463583799,0.5513104704806118,0.6618950948291566
QL-XII-47,32,0.027484221383929253,0.03536883621696695,0.0012509545753426332,0.7699425779331611,0.7756598240469207,0.5716826094160645,1.1182845055944022,1.4370011451280806
QS11,26,0.030589586267104514,0.035996162781061936,0.0012957237349607085,0.645862962166869,0.6164102564102564,0.23860939772024525,1.26388265879845,1.4885843727010803
Quizartinib,25,0.010417168140411376,0.013564200972399517,0.000183987548019644,0.6025784488749554,0.6869230769230769,0.1972508879572603,0.4225053318239158,0.5486624165269689
RO-3306,25,0.01866809606552124,0.02180006226693424,0.00047524271484221,0.4541205274701927,0.5038461538461538,-0.017374564487359745,0.7693150340856691,0.9006906020099025
Rapamycin,18,0.03583452602227529,0.04732456551321309,0.0022396145010143975,0.7220925729026715,0.739938080495356,0.2419067047064325,1.4864607455056007,1.9911911424513005
Refametinib,45,0.019034804238213434,0.023520779301866905,0.0005532270589671305,0.840676132332664,0.8109621533435293,0.7049313492727189,0.7708090595394584,0.9510152414972789
Rucaparib,32,0.018033504486083984,0.02147077483025865,0.00046099417181166835,0.5640031170811559,0.4659090909090909,0.2892742301836033,0.7427842567372385,0.8826933850434224
Ruxolitinib,28,0.015756781612123762,0.017785998808954716,0.00031634175363213856,0.6422367734426038,0.6677613574165299,-0.4953631554984026,0.6547418727329309,0.7399231372672628
S-Trityl-L-cysteine,10,0.036748862266540526,0.04114221347800556,0.0016926817298697828,0.1874458108754808,0.23636363636363633,-0.43691957102748713,1.482293798949471,1.6613114858281037
SB-505124,35,0.017553000790732246,0.020576468401943,0.00042339105189615877,0.5331281474706163,0.4627450980392157,-0.36049407148617374,0.735942192345802,0.864785669731241
SB216763,22,0.021689507094296543,0.0248465380777237,0.0006173504544477737,0.4380351377985427,0.5143986448334276,-0.22833745129005112,0.9120194032364463,1.047504729208594
SB52334,23,0.025619242502295452,0.030757251281745186,0.0009460085064084158,0.5568206261559786,0.6828063241106719,0.1643476161847397,1.0684460254735217,1.2756188515334224
SB590885,23,0.02101696315019027,0.025135082661976497,0.0006317723804243915,0.2988119955107247,0.45553359683794475,-1.8156529161900266,0.8696392574435569,1.0374573631858501
SGC0946,20,0.009242081642150879,0.011149651485288271,0.00012431472824339095,0.6510775684899959,0.49624060150375937,0.19097411747379023,0.3740303067655665,0.45138635327480814
SL0101,32,0.01960594393312931,0.022447374465463597,0.0005038846203927472,0.6379026638218428,0.6125366568914955,-0.7146925392649774,0.8235297862987834,0.9458988690189445
SN-38,23,0.030987174614616062,0.03986090399851278,0.0015888916675786523,0.6811255741736835,0.5741106719367589,0.2657647698326947,1.3001176077915249,1.6880537778419122
SNX-2112,25,0.028890621662139893,0.03578472434782897,0.0012805464966501034,0.7075209964415409,0.6415384615384615,0.4778780351902713,1.1641874067972886,1.442084219768194
STF-62247,27,0.0172949300871955,0.021730960899334083,0.00047223466160838676,0.6104922941289112,0.6855921855921856,0.28546804511908186,0.7177513258324564,0.8973862856012487
Salubrinal,11,0.02169910344210538,0.02525022860823048,0.0006375740447679009,0.48976260004091626,0.46363636363636374,0.16860957880949357,0.8912443651557347,1.0342127612486642
Saracatinib,3,0.008464197317759195,0.008769826335279444,7.690985395096088e-05,-0.5396926622349649,-0.5,-0.6240380079291439,0.3444281412540051,0.35700958626394547
Seliciclib,8,0.016591399908065796,0.01876891085803375,0.00035227201479681725,0.7767399531356546,0.2380952380952381,0.49217707922793585,0.6896515343215404,0.7836429448773199
Selisistat,21,0.02686571791058495,0.02864038493172391,0.000820271649037318,0.37906205162185796,0.43506493506493504,-2.463437499229904,1.144738784027823,1.2219125038025702
Selumetinib,49,0.026262558236414074,0.033336551272506225,0.0011113256507444364,0.6229468058099534,0.5041836734693877,0.36329153223620736,1.0665431028825276,1.3518441865816433
Sepantronium bromide,27,0.050207135853944,0.061687983197187456,0.0038054072709364823,0.14198666172515503,-0.014041514041514042,-1.1406901918612742,2.082859309827185,2.555385952912037
Serdemetan,34,0.012837104937609504,0.015932414502035006,0.0002538418318646553,0.35930162464574356,0.32528647822765466,0.10192840506788325,0.5243453555992057,0.6506448753930758
Shikonin,34,0.025457481251043433,0.033551116508873095,0.0011256774189919766,0.6204950293414373,0.4741023682200152,0.3808588662723057,1.0267558654538746,1.3572821423551766
Sorafenib,11,0.020593350583856754,0.028303401947197306,0.0008010825617846122,0.1960734631789674,0.3454545454545455,-0.5301232283091963,0.8318033154001082,1.1422734564856933
Sunitinib,8,0.01966942846775055,0.022054312171490422,0.00048639268535755065,0.9199111973099207,0.880952380952381,0.6606812085184461,0.8047062308195186,0.9032915814228846
T0901317,24,0.02222932626803716,0.02484803321127401,0.0006174247544685763,0.696142537781072,0.6791304347826086,-1.3285918493686335,0.9332378950915278,1.0443942163559634
TAK-715,27,0.01916421342779089,0.024279917227088606,0.0005895143805542741,0.6050399677234534,0.5842490842490842,-0.06804432829049278,0.8041458949940671,1.0210919900514135
TGX221,9,0.023135456773969863,0.027467665184312696,0.0007544726306775039,-0.18890132648094937,-0.31666666666666665,-0.09287020777974542,0.954017796904918,1.130193099768746
TPCA-1,38,0.01884864898104417,0.02348724340325866,0.0005516506026839174,0.838613306067608,0.8249261407156144,0.6348677454937655,0.7811032903044651,0.9767950087991201
TW 37,29,0.023154406711972993,0.031465805104012166,0.0009900968908436781,0.6409276473260604,0.4778325123152708,0.3103773204361333,0.9312100046916008,1.2674317563887214
Talazoparib,31,0.030871700855993455,0.03835244927803952,0.0014709103656245942,0.3672687912673319,0.37322310906477923,0.007470108746610582,1.2636559479750904,1.571032899983115
Tamoxifen,29,0.012874734812769396,0.01551927865306263,0.00024084800991140543,0.6330917789710092,0.650246305418719,0.1820241734808341,0.5316086901202752,0.6412457943449559
Tanespimycin,26,0.03441843046591832,0.04242383628361163,0.0017997818850186826,0.5604695197995995,0.5015384615384615,0.22406362670681657,1.3867040841484068,1.712821316592333
Temozolomide,36,0.030473392870691087,0.032610537558667226,0.0010634471598652457,0.42338477538367436,0.4229086229086229,-2.109034754090019,1.3016242338314072,1.3954599722177816
Temsirolimus,26,0.024039012881425712,0.03059073882868087,0.0009357933020845635,0.6432124064291024,0.5938461538461539,0.3729266715126034,0.9700709875703437,1.2356382526312235
Thapsigargin,24,0.03022848069667816,0.04135308510067439,0.0017100776473436181,0.6057026210079193,0.5252173913043477,0.08758554996365409,1.2467825964800079,1.705804764398117
Tipifarnib,31,0.023964181061713927,0.03254308730355331,0.001059052531246693,0.4540493662216403,0.48896058318859514,0.01735457962773712,0.9680597130281862,1.31565835132539
Tivozanib,34,0.014339868636692272,0.019211976689138623,0.0003691000483040059,0.6118300121141309,0.3708174178762414,0.3150196636872812,0.5758613734880174,0.7737499789171792
Tozasertib,13,0.018954180754148044,0.024004149284356013,0.0005761991828656494,0.8352376773147018,0.8186813186813187,0.6305273921563446,0.7683734960960513,0.9750771869234488
Trametinib,21,0.041572462944757374,0.04939932911033579,0.002440293716551269,0.702953193065999,0.6233766233766234,0.43065493449207215,1.6922200047088813,2.019222285163178
Tretinoin,21,0.024857044219970703,0.02770957584373974,0.0007678205934399649,0.6179498618185326,0.612987012987013,-0.4151252002188517,1.0355350964970913,1.1566679398529491
Tubastatin A,23,0.017939010392064633,0.02131191811308501,0.00045419785365884087,0.8459057645296109,0.8389328063241107,0.43316727158084767,0.7527722866221099,0.8985202066139997
UNC0638,64,0.023340548388659954,0.028790867116294454,0.0008289140293081254,0.6431636492279654,0.661212845585607,0.3081202094937169,0.971752583577198,1.2091578132595135
UNC1215,25,0.010323338508605957,0.014253076355604839,0.0002031501855987017,0.45856199711526613,0.46897967593696044,0.02773033989828455,0.4186663382959462,0.5773563265147158
VNLG/124,31,0.013047066427046252,0.016167543077259067,0.00026138944915502757,0.6540092096698933,0.6475806451612904,0.21122386132305826,0.5399623386132425,0.6688084912296954
VX-11e,23,0.02362800033196159,0.029704559162697045,0.000882360835050169,0.6583722046652413,0.632411067193676,0.4323117478390138,0.964527085122816,1.2086335765310114
VX-702,23,0.01621960557025412,0.02005923547701276,0.00040237292792224736,0.7516198910032864,0.6017786561264823,0.3764923003818098,0.663920016369725,0.8191029749038151
Veliparib,21,0.015746681463150752,0.01844946128042982,0.0003403826215380791,0.7068100374382907,0.7463462556672491,0.20666797054658215,0.6538763139317729,0.7671034909133952
Vinblastine,21,0.02963296714283171,0.03307815631675938,0.0010941644253159683,0.38380006888457285,0.37142857142857144,-0.026559715596964795,1.2337816318035348,1.3772628801657207
Vinorelbine,33,0.025397966305414837,0.02958799738828302,0.000875449589449043,0.6023666459351721,0.6567513368983958,0.2753791421199753,1.0499484365209966,1.2207360474339948
Vismodegib,31,0.01927683045787196,0.021760513347417104,0.00047351994114311796,0.5537198455460006,0.6012096774193549,-0.24859623708090628,0.8072763686894675,0.9128708526669619
Vorinostat,18,0.01688817474577162,0.019624658922939915,0.00038512723784172524,0.556257276738556,0.541795665634675,0.08421610439316529,0.6782668200553373,0.7888787613868553
WH-4-023,9,0.03516242570347256,0.039161152355247815,0.0015335958537909316,0.581878442529796,0.8166666666666667,-0.09768417010903718,1.4270376926729536,1.587082117924149
WHI-P97,30,0.02037022908528646,0.026553248095570275,0.0007050749844249064,0.5767294504897129,0.6449388209121245,0.175679895730942,0.8489088036299793,1.1045012158215664
WIKI4,32,0.01680061500519514,0.020279698682351757,0.00041126617864697956,0.7767554588091308,0.75,0.5590786228169877,0.6753850191833288,0.815606399663113
WZ-1-84,14,0.02383833272116525,0.029073080016106877,0.000845243981622953,0.5993823769101249,0.6754679554946561,0.21787657191651022,0.9830164647805127,1.1938214329335697
WZ3105,19,0.02307436654442235,0.029505966776115135,0.0008706020753932103,0.6556059767031258,0.7175438596491229,0.27592107731889504,0.9265343110366238,1.185951017736481
XAV939,26,0.017161873670724723,0.021325683112163166,0.0004547847602004013,0.328147660265194,0.20150534994037833,0.08381403876159443,0.7032434822173715,0.8704795880886901
XMD11-85h,10,0.015439534187316894,0.018043940602432203,0.0003255837924641014,0.40832655074478463,0.5030303030303029,0.05113853726911077,0.6389031062491848,0.7469491119876819
XMD13-2,36,0.018786882360776264,0.02284182457677015,0.0005217489499959408,0.7863109977412727,0.813951993448138,0.5444773937003597,0.77650742311804,0.9418868689185382
XMD14-99,31,0.01970990434769661,0.022555842767011523,0.0005087660429301461,0.6292565178111215,0.5395161290322582,-0.33519070877887214,0.8274713011715289,0.9483807042812984
XMD8-85,4,0.014386892318725586,0.01721405548144971,0.00029632370611842873,0.9413739057066107,1.0,0.6463925096946734,0.589761000567314,0.707369748739098
XMD8-92,16,0.025253284722566605,0.02825038129113588,0.0007980840430945602,0.6157402822182343,0.3941176470588235,0.22651798606791995,1.042887638821511,1.1712204175424132
Y-39983,31,0.02538707467817491,0.03271921479186126,0.0010705470165959527,0.8269658023381503,0.8887096774193549,0.4019493569123128,1.0628155788050928,1.3603259788026105
YK-4-279,20,0.021035221219062806,0.026405343975612706,0.0006972421904704263,0.4951974896491029,0.48872180451127817,0.10554086755444947,0.8503799643798496,1.067470216886632
YM201636,21,0.014486730098724365,0.018895480473931046,0.00035703918234070945,0.7752690763967953,0.7545454545454545,0.5788657197176817,0.5909864238407538,0.7721564779062687
Z-LLNle-CHO,11,0.021739035844802856,0.027193929363427845,0.0007395097942231033,0.6672693182439567,0.5636363636363637,0.171052458482561,0.8764363740517936,1.0961789205572474
ZG-10,15,0.022623727718989056,0.030156254813619526,0.0009093997043839508,0.47326706861304385,0.4142857142857142,0.20105442997477563,0.916242285924716,1.2249920021734917
ZM447439,26,0.016424690301601704,0.022179762033754345,0.0004919418438739707,0.855199564472543,0.8345299145299144,0.5272560633082513,0.6775897255621952,0.9207186621748844
ZSTK474,29,0.02068008225539635,0.02608156316429056,0.0006802479370928782,0.6215277513023312,0.6137931034482758,0.322782837322532,0.8315664915727958,1.048300323218836
Zibotentan,29,0.026024197709971462,0.02770987518776973,0.0007678371829217765,0.710095741807022,0.7044334975369457,-3.5397301410810096,1.106825374202548,1.1808878142092614
