feature_name,reference_mean,reference_std,reference_min,reference_max,reference_nonzero_rate
chr1:10755226-10755521,0.01697792869269949,0.12918853908147215,0.0,1.0,0.01697792869269949
chr1:110230238-110230614,0.5925297113752123,0.49136366625221867,0.0,1.0,0.5925297113752123
chr1:110880394-110880624,0.0,0.0,0.0,0.0,0.0
chr1:111505881-111507007,0.010186757215619695,0.10041407865956721,0.0,1.0,0.010186757215619695
chr1:1167001-1168985,0.010186757215619695,0.10041407865956711,0.0,1.0,0.010186757215619695
chr1:11724113-11724885,0.003395585738539898,0.05817263734808769,0.0,1.0,0.003395585738539898
chr1:120835961-120839391,0.03904923599320883,0.19371213994366854,0.0,1.0,0.03904923599320883
chr1:121260857-121261525,0.028862478777589132,0.16741993936327376,0.0,1.0,0.028862478777589132
chr1:13910137-13910868,0.006791171477079796,0.08212826229166571,0.0,1.0,0.006791171477079796
chr1:143912736-143916156,0.059422750424448216,0.2364142279061102,0.0,1.0,0.059422750424448216
chr1:145472980-145474702,0.01697792869269949,0.12918853908147215,0.0,1.0,0.01697792869269949
chr1:146649622-146649852,0.03225806451612903,0.17668469596940808,0.0,1.0,0.03225806451612903
chr1:1476093-1476669,0.0865874363327674,0.28122953650369964,0.0,1.0,0.0865874363327674
chr1:150266476-150266689,0.04923599320882852,0.21636037109777911,0.0,1.0,0.04923599320882852
chr1:153935781-153936276,0.001697792869269949,0.041169289144251935,0.0,1.0,0.001697792869269949
chr1:156163672-156164052,0.0,0.0,0.0,0.0,0.0
chr1:16085147-16085862,0.02037351443123939,0.14127432300655124,0.0,1.0,0.02037351443123939
chr1:171810467-171811325,0.0899830220713073,0.28615743535721894,0.0,1.0,0.0899830220713073
chr1:177150814-177151165,0.001697792869269949,0.041169289144251935,0.0,1.0,0.001697792869269949
chr1:180881316-180882592,0.0050933786078098476,0.07118592629282358,0.0,1.0,0.0050933786078098476
chr1:181451311-181452049,0.28862478777589134,0.45312307341076113,0.0,1.0,0.28862478777589134
chr1:2064628-2064855,0.0050933786078098476,0.07118592629282404,0.0,1.0,0.0050933786078098476
chr1:214161197-214161415,0.013582342954159592,0.11574913785439267,0.0,1.0,0.013582342954159592
chr1:218520287-218520506,0.001697792869269949,0.04116928914425188,0.0,1.0,0.001697792869269949
chr1:21996161-21996409,0.01697792869269949,0.12918853908147215,0.0,1.0,0.01697792869269949
chr1:220921411-220922176,0.006791171477079796,0.08212826229166563,0.0,1.0,0.006791171477079796
chr1:248020330-248021252,0.06281833616298811,0.24263592645093196,0.0,1.0,0.06281833616298811
chr1:248100325-248100726,0.015280135823429542,0.1226648004630783,0.0,1.0,0.015280135823429542
chr1:33938025-33938328,0.0050933786078098476,0.07118592629282418,0.0,1.0,0.0050933786078098476
chr1:40782220-40783145,0.057724957555178265,0.23322261217650161,0.0,1.0,0.057724957555178265
chr1:42127380-42128632,0.057724957555178265,0.23322261217650145,0.0,1.0,0.057724957555178265
chr1:43613488-43613842,0.035653650254668934,0.18542509937488708,0.0,1.0,0.035653650254668934
chr1:53308294-53309262,0.006791171477079796,0.08212826229166592,0.0,1.0,0.006791171477079796
chr1:53904140-53905247,0.001697792869269949,0.04116928914425201,0.0,1.0,0.001697792869269949
chr1:57110663-57111337,0.015280135823429542,0.1226648004630798,0.0,1.0,0.015280135823429542
chr1:60539315-60539540,0.010186757215619695,0.10041407865956706,0.0,1.0,0.010186757215619695
chr10:102756834-102759798,0.0050933786078098476,0.07118592629282353,0.0,1.0,0.0050933786078098476
chr10:102891010-102891794,0.06621392190152801,0.248655662408775,0.0,1.0,0.06621392190152801
chr10:105253191-105254428,0.01867572156196944,0.13537702532597376,0.0,1.0,0.01867572156196944
chr10:106028542-106029047,0.008488964346349746,0.09174367460853156,0.0,1.0,0.008488964346349746
chr10:11059442-11060524,0.03735144312393888,0.18962149883517435,0.0,1.0,0.03735144312393888
chr10:123922850-123923542,0.013582342954159592,0.11574913785439256,0.0,1.0,0.013582342954159592
chr10:135043221-135044560,0.013582342954159592,0.11574913785439256,0.0,1.0,0.013582342954159592
chr10:135122851-135123109,0.022071307300509338,0.14691550188647812,0.0,1.0,0.022071307300509338
chr10:135123238-135123448,0.023769100169779286,0.15232901905709892,0.0,1.0,0.023769100169779286
chr10:38645112-38645513,0.006791171477079796,0.0821282622916656,0.0,1.0,0.006791171477079796
chr10:43891546-43892917,0.001697792869269949,0.04116928914425177,0.0,1.0,0.001697792869269949
chr10:44879714-44882391,0.03225806451612903,0.17668469596940806,0.0,1.0,0.03225806451612903
chr10:48438411-48439320,0.011884550084889643,0.10836654259580952,0.0,1.0,0.011884550084889643
chr10:52499392-52500021,0.050933786078098474,0.21986253776814502,0.0,1.0,0.050933786078098474
chr10:64133789-64134420,0.015280135823429542,0.12266480046307986,0.0,1.0,0.015280135823429542
chr10:93392667-93393147,0.044142614601018676,0.2054118890843577,0.0,1.0,0.044142614601018676
chr10:94351356-94351615,0.010186757215619695,0.10041407865956689,0.0,1.0,0.010186757215619695
chr11:10316232-10316469,0.0,0.0,0.0,0.0,0.0
chr11:113185332-113185663,0.003395585738539898,0.05817263734808762,0.0,1.0,0.003395585738539898
chr11:119293320-119293943,0.09847198641765705,0.2979517650704867,0.0,1.0,0.09847198641765705
chr11:122753386-122753951,0.0,0.0,0.0,0.0,0.0
chr11:18415922-18416680,0.0,0.0,0.0,0.0,0.0
chr11:18417667-18417925,0.0,0.0,0.0,0.0,0.0
chr11:22850765-22851367,0.03904923599320883,0.19371213994366857,0.0,1.0,0.03904923599320883
chr11:43902254-43902528,0.0050933786078098476,0.07118592629282379,0.0,1.0,0.0050933786078098476
chr11:44087518-44088165,0.003395585738539898,0.05817263734808781,0.0,1.0,0.003395585738539898
chr11:46402624-46404139,0.006791171477079796,0.08212826229166563,0.0,1.0,0.006791171477079796
chr11:506353-508009,0.011884550084889643,0.10836654259580952,0.0,1.0,0.011884550084889643
chr11:64509433-64513826,0.003395585738539898,0.058172637348088134,0.0,1.0,0.003395585738539898
chr11:65408344-65408631,0.057724957555178265,0.23322261217650145,0.0,1.0,0.057724957555178265
chr11:66247269-66248249,0.010186757215619695,0.10041407865956688,0.0,1.0,0.010186757215619695
chr11:67070807-67071801,0.003395585738539898,0.058172637348087544,0.0,1.0,0.003395585738539898
chr11:72463092-72463717,0.001697792869269949,0.041169289144251976,0.0,1.0,0.001697792869269949
chr11:73693702-73694802,0.0050933786078098476,0.07118592629282315,0.0,1.0,0.0050933786078098476
chr11:75378416-75379882,0.02037351443123939,0.1412743230065512,0.0,1.0,0.02037351443123939
chr11:8102358-8102913,0.02037351443123939,0.1412743230065509,0.0,1.0,0.02037351443123939
chr11:8615397-8615889,0.08828522920203735,0.2837092658105855,0.0,1.0,0.08828522920203735
chr12:103889148-103889843,0.008488964346349746,0.09174367460853165,0.0,1.0,0.008488964346349746
chr12:104697348-104697984,0.01697792869269949,0.12918853908147115,0.0,1.0,0.01697792869269949
chr12:106532106-106533696,0.010186757215619695,0.10041407865956709,0.0,1.0,0.010186757215619695
chr12:124246524-124247254,0.059422750424448216,0.23641422790611016,0.0,1.0,0.059422750424448216
chr12:132690339-132690571,0.003395585738539898,0.05817263734808811,0.0,1.0,0.003395585738539898
chr12:3862068-3862606,0.042444821731748725,0.20160173322644936,0.0,1.0,0.042444821731748725
chr12:39299248-39299629,0.030560271646859084,0.1721230415828429,0.0,1.0,0.030560271646859084
chr12:49782965-49783193,0.013582342954159592,0.11574913785439168,0.0,1.0,0.013582342954159592
chr12:50297580-50297988,0.01697792869269949,0.12918853908147218,0.0,1.0,0.01697792869269949
chr12:52444553-52445421,0.0,0.0,0.0,0.0,0.0
chr12:53448008-53448406,0.010186757215619695,0.10041407865956681,0.0,1.0,0.010186757215619695
chr13:21634519-21635907,0.0,0.0,0.0,0.0,0.0
chr13:25670041-25670531,0.028862478777589132,0.16741993936327368,0.0,1.0,0.028862478777589132
chr13:27131568-27132677,0.07470288624787776,0.2629113254200249,0.0,1.0,0.07470288624787776
chr13:28194183-28196249,0.0,0.0,0.0,0.0,0.0
chr13:28544524-28544890,0.05432937181663837,0.22666647563027092,0.0,1.0,0.05432937181663837
chr13:29292670-29293329,0.044142614601018676,0.20541188908435792,0.0,1.0,0.044142614601018676
chr13:36052553-36053119,0.006791171477079796,0.08212826229166564,0.0,1.0,0.006791171477079796
chr13:43566074-43566508,0.011884550084889643,0.10836654259580952,0.0,1.0,0.011884550084889643
chr13:73632860-73634370,0.0,0.0,0.0,0.0,0.0
chr13:79175610-79177985,0.035653650254668934,0.18542509937488738,0.0,1.0,0.035653650254668934
chr13:96204691-96205496,0.0,0.0,0.0,0.0,0.0
chr13:96296143-96297059,0.06112054329371817,0.23955129405035314,0.0,1.0,0.06112054329371817
chr14:23834435-23835947,0.011884550084889643,0.10836654259580937,0.0,1.0,0.011884550084889643
chr14:24422770-24423141,0.0,0.0,0.0,0.0,0.0
chr14:24457864-24458100,0.042444821731748725,0.20160173322644936,0.0,1.0,0.042444821731748725
chr14:24505567-24505796,0.0,0.0,0.0,0.0,0.0
chr14:24803678-24804353,0.4380305602716469,0.49614492695154716,0.0,1.0,0.4380305602716469
chr14:33402094-33404079,0.0,0.0,0.0,0.0,0.0
chr14:48143433-48145589,0.011884550084889643,0.10836654259580954,0.0,1.0,0.011884550084889643
chr14:59930634-59932251,0.042444821731748725,0.20160173322645042,0.0,1.0,0.042444821731748725
chr14:61188116-61190772,0.0050933786078098476,0.07118592629282436,0.0,1.0,0.0050933786078098476
chr14:70345943-70346527,0.050933786078098474,0.21986253776814527,0.0,1.0,0.050933786078098474
chr15:30114110-30115215,0.0050933786078098476,0.07118592629282354,0.0,1.0,0.0050933786078098476
chr15:30685087-30685891,0.38030560271646857,0.48546189475480966,0.0,1.0,0.38030560271646857
chr15:40544352-40545512,0.03395585738539898,0.18111559053439175,0.0,1.0,0.03395585738539898
chr15:45315201-45315543,0.02037351443123939,0.14127432300655052,0.0,1.0,0.02037351443123939
chr15:45722561-45722939,0.008488964346349746,0.09174367460853168,0.0,1.0,0.008488964346349746
chr15:60690708-60690930,0.001697792869269949,0.04116928914425188,0.0,1.0,0.001697792869269949
chr15:64679907-64680233,0.001697792869269949,0.04116928914425201,0.0,1.0,0.001697792869269949
chr15:81426499-81426702,0.05432937181663837,0.22666647563027137,0.0,1.0,0.05432937181663837
chr15:93198374-93199181,0.05263157894736842,0.22329687826943692,0.0,1.0,0.05263157894736842
chr16:284478-285395,0.0,0.0,0.0,0.0,0.0
chr16:3355020-3356012,0.011884550084889643,0.10836654259580952,0.0,1.0,0.011884550084889643
chr16:4166655-4167012,0.003395585738539898,0.05817263734808797,0.0,1.0,0.003395585738539898
chr16:48399730-48400040,0.001697792869269949,0.04116928914425177,0.0,1.0,0.001697792869269949
chr16:56659107-56659660,0.26825127334465193,0.44304912559853415,0.0,1.0,0.26825127334465193
chr16:56665945-56666641,0.042444821731748725,0.20160173322645045,0.0,1.0,0.042444821731748725
chr16:57562451-57563325,0.011884550084889643,0.10836654259580937,0.0,1.0,0.011884550084889643
chr16:67183208-67184968,0.008488964346349746,0.09174367460853106,0.0,1.0,0.008488964346349746
chr16:67449936-67450472,0.001697792869269949,0.041169289144251976,0.0,1.0,0.001697792869269949
chr16:67464388-67465462,0.010186757215619695,0.10041407865956681,0.0,1.0,0.010186757215619695
chr16:68002837-68003039,0.006791171477079796,0.08212826229166571,0.0,1.0,0.006791171477079796
chr16:68676450-68676843,0.06791171477079797,0.25159434367188754,0.0,1.0,0.06791171477079797
chr16:88850744-88852274,0.0,0.0,0.0,0.0,0.0
chr17:27503598-27504014,0.003395585738539898,0.05817263734808794,0.0,1.0,0.003395585738539898
chr17:37856448-37856891,0.0,0.0,0.0,0.0,0.0
chr17:38333605-38334795,0.013582342954159592,0.11574913785439206,0.0,1.0,0.013582342954159592
chr17:40274523-40275360,0.013582342954159592,0.11574913785439256,0.0,1.0,0.013582342954159592
chr17:40573740-40575526,0.0,0.0,0.0,0.0,0.0
chr17:40932329-40933299,0.03904923599320883,0.19371213994366857,0.0,1.0,0.03904923599320883
chr17:41363727-41364273,0.04074702886247878,0.19770358747720906,0.0,1.0,0.04074702886247878
chr17:42092143-42092432,0.022071307300509338,0.14691550188647806,0.0,1.0,0.022071307300509338
chr17:42836548-42836932,0.0,0.0,0.0,0.0,0.0
chr17:43339124-43339832,0.03904923599320883,0.19371213994366854,0.0,1.0,0.03904923599320883
chr17:44656490-44657494,0.5212224108658744,0.499549406242306,0.0,1.0,0.5212224108658744
chr17:46654053-46654369,0.015280135823429542,0.1226648004630785,0.0,1.0,0.015280135823429542
chr17:46655215-46655604,0.06451612903225806,0.24567010018915775,0.0,1.0,0.06451612903225806
chr17:46673532-46674181,0.06112054329371817,0.2395512940503527,0.0,1.0,0.06112054329371817
chr17:46691520-46692097,0.057724957555178265,0.23322261217650164,0.0,1.0,0.057724957555178265
chr17:52977866-52978307,0.006791171477079796,0.08212826229166571,0.0,1.0,0.006791171477079796
chr17:6558221-6558441,0.015280135823429542,0.12266480046307837,0.0,1.0,0.015280135823429542
chr17:66255192-66255556,0.011884550084889643,0.10836654259580937,0.0,1.0,0.011884550084889643
chr17:66596072-66597578,0.01867572156196944,0.13537702532597376,0.0,1.0,0.01867572156196944
chr17:76037074-76037323,0.0,0.0,0.0,0.0,0.0
chr17:79818230-79819299,0.013582342954159592,0.11574913785439256,0.0,1.0,0.013582342954159592
chr18:10454453-10455268,0.015280135823429542,0.12266480046307936,0.0,1.0,0.015280135823429542
chr18:14132000-14132482,0.04584040747028863,0.20913886418656566,0.0,1.0,0.04584040747028863
chr18:32847284-32848130,0.013582342954159592,0.11574913785439256,0.0,1.0,0.013582342954159592
chr18:47087879-47088528,0.03225806451612903,0.17668469596940867,0.0,1.0,0.03225806451612903
chr18:52495604-52496007,0.0,0.0,0.0,0.0,0.0
chr18:5543437-5544241,0.06281833616298811,0.24263592645093207,0.0,1.0,0.06281833616298811
chr18:77193463-77193764,0.011884550084889643,0.10836654259580913,0.0,1.0,0.011884550084889643
chr18:77196121-77196568,0.008488964346349746,0.09174367460853215,0.0,1.0,0.008488964346349746
chr18:77201938-77202732,0.010186757215619695,0.10041407865956778,0.0,1.0,0.010186757215619695
chr18:77905297-77905566,0.34295415959252973,0.47469632820436886,0.0,1.0,0.34295415959252973
chr19:11689417-11689768,0.013582342954159592,0.11574913785439256,0.0,1.0,0.013582342954159592
chr19:11998804-11999131,0.01867572156196944,0.13537702532597334,0.0,1.0,0.01867572156196944
chr19:12076029-12076366,0.01697792869269949,0.12918853908147218,0.0,1.0,0.01697792869269949
chr19:12203028-12203503,0.0,0.0,0.0,0.0,0.0
chr19:12266998-12267686,0.01867572156196944,0.13537702532597334,0.0,1.0,0.01867572156196944
chr19:12831793-12832225,0.02037351443123939,0.14127432300655057,0.0,1.0,0.02037351443123939
chr19:15342626-15343181,0.013582342954159592,0.11574913785439256,0.0,1.0,0.013582342954159592
chr19:18118741-18119553,0.025466893039049237,0.15753834580186157,0.0,1.0,0.025466893039049237
chr19:1851578-1852203,0.01697792869269949,0.12918853908147215,0.0,1.0,0.01697792869269949
chr19:21265164-21265433,0.2920203735144312,0.45469162623356346,0.0,1.0,0.2920203735144312
chr19:22018594-22018827,0.06281833616298811,0.24263592645093246,0.0,1.0,0.06281833616298811
chr19:22817274-22817546,0.006791171477079796,0.08212826229166582,0.0,1.0,0.006791171477079796
chr19:37095680-37096589,0.07130730050933787,0.25733746210649006,0.0,1.0,0.07130730050933787
chr19:37157632-37158119,0.022071307300509338,0.14691550188647812,0.0,1.0,0.022071307300509338
chr19:37406931-37407463,0.05263157894736842,0.2232968782694367,0.0,1.0,0.05263157894736842
chr19:37957726-37958390,0.0899830220713073,0.2861574353572193,0.0,1.0,0.0899830220713073
chr19:40871617-40871824,0.011884550084889643,0.10836654259580937,0.0,1.0,0.011884550084889643
chr19:41106058-41106415,0.01867572156196944,0.13537702532597326,0.0,1.0,0.01867572156196944
chr19:42501261-42501486,0.003395585738539898,0.05817263734808769,0.0,1.0,0.003395585738539898
chr19:42720826-42722132,0.0,0.0,0.0,0.0,0.0
chr19:44763978-44764312,0.022071307300509338,0.146915501886478,0.0,1.0,0.022071307300509338
chr19:47731377-47731715,0.003395585738539898,0.05817263734808779,0.0,1.0,0.003395585738539898
chr19:48945800-48947636,0.010186757215619695,0.10041407865956706,0.0,1.0,0.010186757215619695
chr19:48949034-48949442,0.010186757215619695,0.10041407865956693,0.0,1.0,0.010186757215619695
chr19:49315545-49315765,0.06112054329371817,0.23955129405035266,0.0,1.0,0.06112054329371817
chr19:50706482-50707196,0.03395585738539898,0.18111559053439175,0.0,1.0,0.03395585738539898
chr19:50831454-50832070,0.030560271646859084,0.17212304158284372,0.0,1.0,0.030560271646859084
chr19:51069359-51069600,0.027164685908319185,0.16256311312170962,0.0,1.0,0.027164685908319185
chr19:52390841-52391368,0.010186757215619695,0.10041407865956747,0.0,1.0,0.010186757215619695
chr19:52531323-52531724,0.010186757215619695,0.10041407865956689,0.0,1.0,0.010186757215619695
chr19:53073308-53074039,0.04753820033955857,0.2127870293228293,0.0,1.0,0.04753820033955857
chr19:53496732-53497028,0.01867572156196944,0.13537702532597334,0.0,1.0,0.01867572156196944
chr19:53662189-53662500,0.25806451612903225,0.43756967633066157,0.0,1.0,0.25806451612903225
chr19:54371854-54372990,0.001697792869269949,0.04116928914425177,0.0,1.0,0.001697792869269949
chr19:56915356-56915856,0.06451612903225806,0.24567010018915794,0.0,1.0,0.06451612903225806
chr19:57078365-57079301,0.03904923599320883,0.19371213994366857,0.0,1.0,0.03904923599320883
chr19:57831599-57832250,0.042444821731748725,0.20160173322645,0.0,1.0,0.042444821731748725
chr19:57999025-57999613,0.0,0.0,0.0,0.0,0.0
chr19:58011124-58011743,0.042444821731748725,0.20160173322645006,0.0,1.0,0.042444821731748725
chr19:58125530-58125902,0.008488964346349746,0.09174367460853168,0.0,1.0,0.008488964346349746
chr19:58144339-58144999,0.0050933786078098476,0.07118592629282389,0.0,1.0,0.0050933786078098476
chr19:58399945-58400276,0.023769100169779286,0.1523290190570994,0.0,1.0,0.023769100169779286
chr19:58446336-58446800,0.010186757215619695,0.10041407865956703,0.0,1.0,0.010186757215619695
chr19:58458686-58459219,0.1935483870967742,0.39507899077148023,0.0,1.0,0.1935483870967742
chr2:108602824-108603467,0.010186757215619695,0.10041407865956706,0.0,1.0,0.010186757215619695
chr2:136499145-136500144,0.008488964346349746,0.09174367460853171,0.0,1.0,0.008488964346349746
chr2:152954633-152955784,0.010186757215619695,0.10041407865956746,0.0,1.0,0.010186757215619695
chr2:162270888-162271413,0.010186757215619695,0.10041407865956771,0.0,1.0,0.010186757215619695
chr2:173940414-173941271,0.001697792869269949,0.041169289144251976,0.0,1.0,0.001697792869269949
chr2:175546862-175547880,0.025466893039049237,0.15753834580186155,0.0,1.0,0.025466893039049237
chr2:183731819-183732093,0.0730050933786078,0.2601448629502194,0.0,1.0,0.0730050933786078
chr2:190539026-190539533,0.0050933786078098476,0.07118592629282332,0.0,1.0,0.0050933786078098476
chr2:201983198-201983709,0.001697792869269949,0.041169289144251844,0.0,1.0,0.001697792869269949
chr2:21022564-21022934,0.008488964346349746,0.09174367460853182,0.0,1.0,0.008488964346349746
chr2:216877899-216878352,0.015280135823429542,0.12266480046307963,0.0,1.0,0.015280135823429542
chr2:218621279-218621498,0.001697792869269949,0.04116928914425177,0.0,1.0,0.001697792869269949
chr2:219646432-219647181,0.011884550084889643,0.10836654259580905,0.0,1.0,0.011884550084889643
chr2:232650898-232651431,0.010186757215619695,0.10041407865956686,0.0,1.0,0.010186757215619695
chr2:29337983-29338909,0.02037351443123939,0.14127432300655135,0.0,1.0,0.02037351443123939
chr2:68870351-68871055,0.0,0.0,0.0,0.0,0.0
chr2:74875128-74875562,0.013582342954159592,0.11574913785439256,0.0,1.0,0.013582342954159592
chr2:85811340-85811855,0.07130730050933787,0.2573374621064884,0.0,1.0,0.07130730050933787
chr2:9346383-9347944,0.010186757215619695,0.10041407865956688,0.0,1.0,0.010186757215619695
chr2:96011132-96013197,0.001697792869269949,0.04116928914425177,0.0,1.0,0.001697792869269949
chr20:10652573-10655611,0.0,0.0,0.0,0.0,0.0
chr20:30192854-30194025,0.013582342954159592,0.11574913785439239,0.0,1.0,0.013582342954159592
chr20:30310503-30310707,0.023769100169779286,0.1523290190570993,0.0,1.0,0.023769100169779286
chr20:33146135-33147318,0.05602716468590832,0.22997417573102946,0.0,1.0,0.05602716468590832
chr20:41817475-41819212,0.010186757215619695,0.10041407865956721,0.0,1.0,0.010186757215619695
chr20:42543097-42545137,0.31918505942275044,0.4661608705844431,0.0,1.0,0.31918505942275044
chr20:47443734-47445181,0.023769100169779286,0.15232901905709964,0.0,1.0,0.023769100169779286
chr20:48098512-48099560,0.003395585738539898,0.058172637348087614,0.0,1.0,0.003395585738539898
chr20:61560433-61560954,0.035653650254668934,0.18542509937488655,0.0,1.0,0.035653650254668934
chr20:61636171-61639055,0.011884550084889643,0.10836654259580952,0.0,1.0,0.011884550084889643
chr20:62433937-62434203,0.01867572156196944,0.13537702532597415,0.0,1.0,0.01867572156196944
chr21:37442140-37442778,0.003395585738539898,0.0581726373480879,0.0,1.0,0.003395585738539898
chr21:40760626-40760829,0.003395585738539898,0.058172637348088266,0.0,1.0,0.003395585738539898
chr21:47601020-47601229,0.006791171477079796,0.08212826229166584,0.0,1.0,0.006791171477079796
chr21:47602431-47602740,0.13582342954159593,0.34260097129044387,0.0,1.0,0.13582342954159593
chr22:18923470-18923840,0.0,0.0,0.0,0.0,0.0
chr22:19746924-19747141,0.050933786078098474,0.21986253776814554,0.0,1.0,0.050933786078098474
chr22:20459267-20461473,0.025466893039049237,0.15753834580186205,0.0,1.0,0.025466893039049237
chr22:20790638-20792665,0.023769100169779286,0.15232901905709964,0.0,1.0,0.023769100169779286
chr22:24110029-24110995,0.006791171477079796,0.08212826229166562,0.0,1.0,0.006791171477079796
chr22:24180491-24181666,0.04753820033955857,0.212787029322829,0.0,1.0,0.04753820033955857
chr22:24372912-24373725,0.0050933786078098476,0.07118592629282396,0.0,1.0,0.0050933786078098476
chr22:24384134-24384405,0.4227504244482173,0.4939964605916405,0.0,1.0,0.4227504244482173
chr22:32026297-32026874,0.013582342954159592,0.11574913785439181,0.0,1.0,0.013582342954159592
chr22:38453187-38453503,0.0,0.0,0.0,0.0,0.0
chr22:39853323-39854065,0.02037351443123939,0.14127432300655124,0.0,1.0,0.02037351443123939
chr22:46440393-46441019,0.006791171477079796,0.08212826229166566,0.0,1.0,0.006791171477079796
chr22:47022457-47022659,0.01697792869269949,0.12918853908147218,0.0,1.0,0.01697792869269949
chr22:48970857-48972947,0.010186757215619695,0.10041407865956721,0.0,1.0,0.010186757215619695
chr3:101568107-101569046,0.001697792869269949,0.04116928914425201,0.0,1.0,0.001697792869269949
chr3:10206449-10207024,0.010186757215619695,0.10041407865956706,0.0,1.0,0.010186757215619695
chr3:10857687-10858447,0.011884550084889643,0.10836654259580952,0.0,1.0,0.011884550084889643
chr3:119298284-119298983,0.010186757215619695,0.10041407865956747,0.0,1.0,0.010186757215619695
chr3:124449178-124449461,0.0050933786078098476,0.07118592629282404,0.0,1.0,0.0050933786078098476
chr3:125075915-125076481,0.013582342954159592,0.11574913785439206,0.0,1.0,0.013582342954159592
chr3:139258152-139258731,0.22920203735144312,0.42031947780871726,0.0,1.0,0.22920203735144312
chr3:181430141-181431076,0.01697792869269949,0.12918853908147218,0.0,1.0,0.01697792869269949
chr3:187456250-187456580,0.010186757215619695,0.10041407865956746,0.0,1.0,0.010186757215619695
chr3:194406440-194409045,0.023769100169779286,0.15232901905709953,0.0,1.0,0.023769100169779286
chr3:238391-240140,0.010186757215619695,0.10041407865956721,0.0,1.0,0.010186757215619695
chr3:36985540-36987041,0.027164685908319185,0.1625631131217094,0.0,1.0,0.027164685908319185
chr3:42304944-42305311,0.006791171477079796,0.08212826229166556,0.0,1.0,0.006791171477079796
chr3:49314437-49314815,0.008488964346349746,0.09174367460853106,0.0,1.0,0.008488964346349746
chr3:50604905-50605359,0.06281833616298811,0.242635926450932,0.0,1.0,0.06281833616298811
chr3:53032813-53033116,0.01697792869269949,0.12918853908147174,0.0,1.0,0.01697792869269949
chr3:53527927-53530106,0.006791171477079796,0.08212826229166584,0.0,1.0,0.006791171477079796
chr3:56502611-56502815,0.027164685908319185,0.16256311312170946,0.0,1.0,0.027164685908319185
chr3:56590939-56591223,0.0,0.0,0.0,0.0,0.0
chr3:63263989-63264205,0.0050933786078098476,0.07118592629282391,0.0,1.0,0.0050933786078098476
chr3:9956822-9957664,0.04074702886247878,0.1977035874772112,0.0,1.0,0.04074702886247878
chr3:99594969-99595215,0.2614601018675722,0.43942999100990954,0.0,1.0,0.2614601018675722
chr4:1005930-1006282,0.001697792869269949,0.04116928914425177,0.0,1.0,0.001697792869269949
chr4:102711829-102712199,0.015280135823429542,0.12266480046307975,0.0,1.0,0.015280135823429542
chr4:103940668-103940951,0.0,0.0,0.0,0.0,0.0
chr4:122301567-122302290,0.03225806451612903,0.17668469596940858,0.0,1.0,0.03225806451612903
chr4:129208297-129209780,0.010186757215619695,0.10041407865956684,0.0,1.0,0.010186757215619695
chr4:140374442-140375692,0.0,0.0,0.0,0.0,0.0
chr4:165878036-165878446,0.011884550084889643,0.10836654259580952,0.0,1.0,0.011884550084889643
chr4:183838036-183839286,0.0,0.0,0.0,0.0,0.0
chr4:5709985-5710495,0.03395585738539898,0.18111559053439175,0.0,1.0,0.03395585738539898
chr4:57371582-57372022,0.011884550084889643,0.10836654259580904,0.0,1.0,0.011884550084889643
chr4:6200912-6202724,0.028862478777589132,0.16741993936327376,0.0,1.0,0.028862478777589132
chr4:66535193-66535620,0.010186757215619695,0.10041407865956706,0.0,1.0,0.010186757215619695
chr4:76555366-76556079,0.02037351443123939,0.14127432300655104,0.0,1.0,0.02037351443123939
chr4:83933332-83934370,0.003395585738539898,0.05817263734808771,0.0,1.0,0.003395585738539898
chr5:101632049-101632373,0.10865874363327674,0.3112105735114312,0.0,1.0,0.10865874363327674
chr5:115912001-115912384,0.006791171477079796,0.08212826229166571,0.0,1.0,0.006791171477079796
chr5:125930601-125931049,0.008488964346349746,0.09174367460853174,0.0,1.0,0.008488964346349746
chr5:126626053-126626901,0.0050933786078098476,0.07118592629282394,0.0,1.0,0.0050933786078098476
chr5:135416204-135416475,0.0,0.0,0.0,0.0,0.0
chr5:140305712-140307193,0.023769100169779286,0.1523290190570997,0.0,1.0,0.023769100169779286
chr5:157002174-157003182,0.023769100169779286,0.15232901905709945,0.0,1.0,0.023769100169779286
chr5:1594238-1595027,0.010186757215619695,0.10041407865956788,0.0,1.0,0.010186757215619695
chr5:175792355-175793505,0.025466893039049237,0.15753834580186155,0.0,1.0,0.025466893039049237
chr5:178322713-178323538,0.015280135823429542,0.12266480046307864,0.0,1.0,0.015280135823429542
chr5:179243545-179244453,0.03904923599320883,0.19371213994366857,0.0,1.0,0.03904923599320883
chr5:180017099-180019062,0.06281833616298811,0.242635926450932,0.0,1.0,0.06281833616298811
chr5:35617855-35618339,0.011884550084889643,0.10836654259580962,0.0,1.0,0.011884550084889643
chr5:43515133-43515349,0.0,0.0,0.0,0.0,0.0
chr5:50678632-50679375,0.013582342954159592,0.11574913785439256,0.0,1.0,0.013582342954159592
chr5:5139441-5140941,0.013582342954159592,0.11574913785439256,0.0,1.0,0.013582342954159592
chr5:59189046-59189894,0.0050933786078098476,0.0711859262928242,0.0,1.0,0.0050933786078098476
chr5:63461448-63462106,0.013582342954159592,0.11574913785439267,0.0,1.0,0.013582342954159592
chr5:67584213-67584451,0.030560271646859084,0.17212304158284297,0.0,1.0,0.030560271646859084
chr5:73935725-73937551,0.001697792869269949,0.04116928914425188,0.0,1.0,0.001697792869269949
chr6:10415018-10415318,0.0,0.0,0.0,0.0,0.0
chr6:105584148-105585621,0.025466893039049237,0.15753834580186157,0.0,1.0,0.025466893039049237
chr6:105627406-105627830,0.01867572156196944,0.13537702532597382,0.0,1.0,0.01867572156196944
chr6:110679417-110679833,0.06451612903225806,0.24567010018915822,0.0,1.0,0.06451612903225806
chr6:150067323-150067766,0.001697792869269949,0.041169289144251775,0.0,1.0,0.001697792869269949
chr6:26044203-26044469,0.013582342954159592,0.11574913785439256,0.0,1.0,0.013582342954159592
chr6:26045644-26046033,0.013582342954159592,0.11574913785439256,0.0,1.0,0.013582342954159592
chr6:26184036-26184336,0.028862478777589132,0.16741993936327376,0.0,1.0,0.028862478777589132
chr6:26188997-26189295,0.006791171477079796,0.08212826229166582,0.0,1.0,0.006791171477079796
chr6:26250436-26250827,0.06451612903225806,0.2456701001891589,0.0,1.0,0.06451612903225806
chr6:27858166-27858564,0.025466893039049237,0.15753834580186177,0.0,1.0,0.025466893039049237
chr6:291948-292839,0.5517826825127334,0.49731132481754875,0.0,1.0,0.5517826825127334
chr6:29759946-29760903,0.02037351443123939,0.14127432300655138,0.0,1.0,0.02037351443123939
chr6:31148369-31148577,0.006791171477079796,0.08212826229166564,0.0,1.0,0.006791171477079796
chr6:3157400-3158418,0.0,0.0,0.0,0.0,0.0
chr6:3227025-3229688,0.015280135823429542,0.1226648004630792,0.0,1.0,0.015280135823429542
chr6:35435810-35437084,0.0,0.0,0.0,0.0,0.0
chr6:39901852-39902299,0.010186757215619695,0.10041407865956689,0.0,1.0,0.010186757215619695
chr6:48036137-48036410,0.011884550084889643,0.10836654259580954,0.0,1.0,0.011884550084889643
chr6:52226753-52228006,0.011884550084889643,0.10836654259580913,0.0,1.0,0.011884550084889643
chr6:55443732-55444092,0.010186757215619695,0.10041407865956721,0.0,1.0,0.010186757215619695
chr6:6007387-6007797,0.06112054329371817,0.23955129405035272,0.0,1.0,0.06112054329371817
chr6:62995855-62996228,0.0,0.0,0.0,0.0,0.0
chr6:85472702-85474132,0.030560271646859084,0.17212304158284342,0.0,1.0,0.030560271646859084
chr6:90142751-90143635,0.013582342954159592,0.11574913785439252,0.0,1.0,0.013582342954159592
chr7:100136448-100136919,0.013582342954159592,0.11574913785439223,0.0,1.0,0.013582342954159592
chr7:119912840-119913883,0.05432937181663837,0.22666647563027,0.0,1.0,0.05432937181663837
chr7:128828333-128829366,0.01697792869269949,0.12918853908147174,0.0,1.0,0.01697792869269949
chr7:143582125-143582610,0.030560271646859084,0.17212304158284306,0.0,1.0,0.030560271646859084
chr7:150065169-150066351,0.0050933786078098476,0.071185926292824,0.0,1.0,0.0050933786078098476
chr7:150675206-150675866,0.0,0.0,0.0,0.0,0.0
chr7:22539545-22540022,0.03395585738539898,0.18111559053439175,0.0,1.0,0.03395585738539898
chr7:27186927-27187692,0.042444821731748725,0.20160173322644998,0.0,1.0,0.042444821731748725
chr7:27195601-27196567,0.057724957555178265,0.23322261217650175,0.0,1.0,0.057724957555178265
chr7:27203915-27206462,0.01867572156196944,0.13537702532597448,0.0,1.0,0.01867572156196944
chr7:27225050-27225629,0.01697792869269949,0.12918853908147218,0.0,1.0,0.01697792869269949
chr7:32996732-32997591,0.003395585738539898,0.05817263734808757,0.0,1.0,0.003395585738539898
chr7:35292985-35294674,0.006791171477079796,0.08212826229166582,0.0,1.0,0.006791171477079796
chr7:39649253-39649510,0.013582342954159592,0.11574913785439256,0.0,1.0,0.013582342954159592
chr7:56183577-56184165,0.011884550084889643,0.10836654259580952,0.0,1.0,0.011884550084889643
chr7:62858468-62858826,0.001697792869269949,0.04116928914425198,0.0,1.0,0.001697792869269949
chr7:750788-751237,0.013582342954159592,0.11574913785439256,0.0,1.0,0.013582342954159592
chr7:87256958-87258444,0.05432937181663837,0.22666647563027084,0.0,1.0,0.05432937181663837
chr7:95025559-95026122,0.010186757215619695,0.10041407865956697,0.0,1.0,0.010186757215619695
chr7:99678768-99679702,0.011884550084889643,0.10836654259580913,0.0,1.0,0.011884550084889643
chr8:107669777-107670591,0.02037351443123939,0.1412743230065509,0.0,1.0,0.02037351443123939
chr8:11058624-11058844,0.22920203735144312,0.42031947780871715,0.0,1.0,0.22920203735144312
chr8:11059011-11059242,0.059422750424448216,0.23641422790611022,0.0,1.0,0.059422750424448216
chr8:116660432-116660747,0.011884550084889643,0.10836654259580898,0.0,1.0,0.011884550084889643
chr8:144659745-144660635,0.2631578947368421,0.4403473823863538,0.0,1.0,0.2631578947368421
chr8:22422534-22423702,0.035653650254668934,0.18542509937488644,0.0,1.0,0.035653650254668934
chr8:41507516-41507868,0.011884550084889643,0.10836654259580915,0.0,1.0,0.011884550084889643
chr8:61193312-61194195,0.010186757215619695,0.10041407865956689,0.0,1.0,0.010186757215619695
chr8:61626645-61627074,0.035653650254668934,0.18542509937488713,0.0,1.0,0.035653650254668934
chr8:67344497-67344989,0.2903225806451613,0.453911202563556,0.0,1.0,0.2903225806451613
chr8:67940691-67940997,0.05263157894736842,0.22329687826943684,0.0,1.0,0.05263157894736842
chr8:79428433-79428754,0.05602716468590832,0.22997417573102943,0.0,1.0,0.05602716468590832
chr8:95652455-95652873,0.05263157894736842,0.22329687826943692,0.0,1.0,0.05263157894736842
chr9:104248247-104249501,0.013582342954159592,0.11574913785439256,0.0,1.0,0.013582342954159592
chr9:107509906-107510768,0.0,0.0,0.0,0.0,0.0
chr9:113017745-113019297,0.0,0.0,0.0,0.0,0.0
chr9:115875199-115875738,0.0050933786078098476,0.07118592629282396,0.0,1.0,0.0050933786078098476
chr9:123555399-123555899,0.015280135823429542,0.12266480046307957,0.0,1.0,0.015280135823429542
chr9:140310894-140312457,0.025466893039049237,0.157538345801862,0.0,1.0,0.025466893039049237
chr9:21974578-21975306,0.02037351443123939,0.14127432300655088,0.0,1.0,0.02037351443123939
chr9:35756948-35757339,0.023769100169779286,0.15232901905710025,0.0,1.0,0.023769100169779286
chr9:35791584-35791924,0.010186757215619695,0.10041407865956703,0.0,1.0,0.010186757215619695
chr9:4984543-4985630,0.010186757215619695,0.1004140786595669,0.0,1.0,0.010186757215619695
chr9:86571047-86572027,0.015280135823429542,0.12266480046307864,0.0,1.0,0.015280135823429542
